ticker,name,city,isin
A1CAP,A1 CAPİTAL YATIRIM MENKUL DEĞERLER A.Ş.,İSTANBUL,TREA1CP00024
AAGYO,AĞAOĞLU AVRASYA GAYRİMENKUL YATIRIM ORTAKLIĞI A.Ş.,İSTANBUL,TREAGVR00014
ACSEL,ACISELSAN ACIPAYAM SELÜLOZ SANAYİ VE TİCARET A.Ş.,DENİZLİ,TREACSS00017
ADEL,ADEL KALEMCİLİK TİCARET VE SANAYİ A.Ş.,KOCAELİ,TRAADELW91T1
ADESE,ADESE GAYRİMENKUL YATIRIM A.Ş.,KONYA,TREADSE00015
ADGYO,ADRA GAYRİMENKUL YATIRIM ORTAKLIĞI A.Ş.,İZMİR,TREADRA00023
AEFES,ANADOLU EFES BİRACILIK VE MALT SANAYİİ A.Ş.,,TRAAEFES91A9
AFYON,AFYON ÇİMENTO SANAYİ T.A.Ş.,İSTANBUL,TRAAFYON91F6
AGESA,AGESA HAYAT VE EMEKLİLİK A.Ş.,İSTANBUL,TRECUHE00018
AGHOL,AG ANADOLU GRUBU HOLDİNG A.Ş.,İSTANBUL,TRAYAZIC91Q6
AGROT,AGROTECH YÜKSEK TEKNOLOJİ VE YATIRIM A.Ş.,İSTANBUL,TREAGRT00018
AGYO,ATAKULE GAYRİMENKUL YATIRIM ORTAKLIĞI A.Ş.,ANKARA,TRAAGYOW91Q2
AHGAZ,AHLATCI DOĞAL GAZ DAĞITIM ENERJİ VE YATIRIM A.Ş.,İSTANBUL,TREAHLA00019
AHSGY,AHES GAYRİMENKUL YATIRIM ORTAKLIĞI A.Ş.,İSTANBUL,TREAHES00016
AKBNK,AKBANK T.A.Ş.,İSTANBUL,TRAAKBNK91N6
AKCNS,AKÇANSA ÇİMENTO SANAYİ VE TİCARET A.Ş.,İSTANBUL,TRAAKCNS91F3
AKENR,AKENERJİ ELEKTRİK ÜRETİM A.Ş.,İSTANBUL,TRAAKENR91L9
AKFGY,AKFEN GAYRİMENKUL YATIRIM ORTAKLIĞI A.Ş.,İSTANBUL,TREAKFG00012
AKFIS,AKFEN İNŞAAT TURİZM VE TİCARET A.Ş.,ANKARA,TREAKFI00018
AKFYE,AKFEN YENİLENEBİLİR ENERJİ A.Ş.,ANKARA,TREAKFY00015
AKGRT,AKSİGORTA A.Ş.,İSTANBUL,TRAAKGRT91O5
AKHAN,AKHAN UN FABRİKASI VE TARIM ÜRÜNLERİ GIDA SANAYİ TİCARET A.Ş.,ADANA,TREAKHN00014
AKMGY,AKMERKEZ GAYRİMENKUL YATIRIM ORTAKLIĞI A.Ş.,İSTANBUL,TREAKMG00018
AKSA,AKSA AKRİLİK KİMYA SANAYİİ A.Ş.,YALOVA,TRAAKSAW91E1
AKSEN,AKSA ENERJİ ÜRETİM A.Ş.,İSTANBUL,TREAKSN00011
AKSGY,AKİŞ GAYRİMENKUL YATIRIM ORTAKLIĞI A.Ş.,İSTANBUL,TREAIGY00017
AKSUE,AKSU ENERJİ VE TİCARET A.Ş.,ISPARTA,TRAAKSUE91L2
AKYHO,AKDENİZ YATIRIM HOLDİNG A.Ş.,İSTANBUL,TREAKGH00018
ALARK,ALARKO HOLDİNG A.Ş.,İSTANBUL,TRAALARK91Q0
ALBRK,ALBARAKA TÜRK KATILIM BANKASI A.Ş.,İSTANBUL,TREALBK00011
ALCAR,ALARKO CARRIER SANAYİ VE TİCARET A.Ş.,İSTANBUL,TRAALRSA91H2
ALCTL,ALCATEL LUCENT TELETAŞ TELEKOMÜNİKASYON A.Ş.,İSTANBUL,TRAALCTL91H9
ALFAS,ALFA SOLAR ENERJİ SANAYİ VE TİCARET A.Ş.,ANKARA,TREALFS00023
ALGYO,ALARKO GAYRİMENKUL YATIRIM ORTAKLIĞI A.Ş.,İSTANBUL,TRAALGYO91Q5
ALKA,ALKİM KAĞIT SANAYİ VE TİCARET A.Ş.,İZMİR,TRAALKAW91D8
ALKIM,ALKİM ALKALİ KİMYA A.Ş.,İSTANBUL,TRAALKIM91E0
ALKLC,ALTINKILIÇ GIDA VE SÜT SANAYİ TİCARET A.Ş.,İSTANBUL,TREALTK00013
ALTNY,ALTINAY SAVUNMA TEKNOLOJİLERİ A.Ş.,İSTANBUL,TREALTA00014
ALVES,ALVES KABLO SANAYİ VE TİCARET A.Ş.,ANKARA,TREALVS00012
ANELE,ANEL ELEKTRİK PROJE TAAHHÜT VE TİCARET A.Ş.,İSTANBUL,TREAEPT00017
ANGEN,ANATOLİA TANI VE BİYOTEKNOLOJİ ÜRÜNLERİ ARAŞTIRMA GELİŞTİRME SANAYİ VE TİCARET A.Ş.,,TREANGN00028
ANHYT,ANADOLU HAYAT EMEKLİLİK A.Ş.,İSTANBUL,TRAANHYT91O3
ANSGR,ANADOLU ANONİM TÜRK SİGORTA ŞİRKETİ,İSTANBUL,TRAANSGR91O1
ARASE,DOĞU ARAS ENERJİ YATIRIMLARI A.Ş.,ERZURUM,TREARAS00039
ARCLK,ARÇELİK A.Ş.,İSTANBUL,TRAARCLK91H5
ARDYZ,ARD GRUP BİLİŞİM TEKNOLOJİLERİ A.Ş.,ANKARA,TREARDY00023
ARENA,ARENA BİLGİSAYAR SANAYİ VE TİCARET A.Ş.,İSTANBUL,TRAARENA91U1
ARFYE,ARF BİO YENİLENEBİLİR ENERJİ ÜRETİM A.Ş.,ANKARA,TREARFB00018
ARMGD,ARMADA GIDA TİCARET SANAYİ A.Ş.,MERSİN,TREARDG00020
ARSAN,ARSAN HOLDİNG A.Ş.,KAHRAMANMARAŞ,TRAARSAN91B1
ARTMS,ARTEMİS HALI A.Ş.,İSTANBUL,TREATMS00014
ARZUM,ARZUM ELEKTRİKLİ EV ALETLERİ SANAYİ VE TİCARET A.Ş.,İSTANBUL,TREAZEV00020
ASELS,ASELSAN ELEKTRONİK SANAYİ VE TİCARET A.Ş.,ANKARA,TRAASELS91H2
ASGYO,ASCE GAYRİMENKUL YATIRIM ORTAKLIĞI A.Ş.,GAZİANTEP,TREASCE00033
ASTOR,ASTOR ENERJİ A.Ş.,ANKARA,TREASTR00013
ASUZU,ANADOLU ISUZU OTOMOTİV SANAYİ VE TİCARET A.Ş.,İSTANBUL,TRAASUZU91H4
ATAGY,ATA GAYRİMENKUL YATIRIM ORTAKLIĞI A.Ş.,İSTANBUL,TRAATAYO91Q1
ATAKP,ATAKEY PATATES GIDA SANAYİ VE TİCARET A.Ş.,İSTANBUL,TREATKY00016
ATATP,ATP YAZILIM VE TEKNOLOJİ A.Ş.,İSTANBUL,TREATTP00023
ATATR,ATA TURİZM İŞLETMECİLİK TAŞIMACILIK MADENCİLİK KUYUMCULUK SANAYİ VE DIŞ TİCARET A.Ş.,İSTANBUL,TREATTR00011
ATEKS,AKIN TEKSTİL A.Ş.,İSTANBUL,TRAATEKS91B5
ATLAS,ATLAS MENKUL KIYMETLER YATIRIM ORTAKLIĞI A.Ş.,İSTANBUL,TRAATLAS91Q9
ATSYH,ATLANTİS YATIRIM HOLDİNG A.Ş.,İSTANBUL,TRAATSYO91Q3
AVGYO,AVRASYA GAYRİMENKUL YATIRIM ORTAKLIĞI A.Ş.,İSTANBUL,TRAAVRSY91Q2
AVHOL,AVRUPA YATIRIM HOLDİNG A.Ş.,İSTANBUL,TREBYTS00017
AVOD,A.V.O.D. KURUTULMUŞ GIDA VE TARIM ÜRÜNLERİ SANAYİ TİCARET A.Ş.,İZMİR,TREAVOD00018
AVPGY,AVRUPAKENT GAYRİMENKUL YATIRIM ORTAKLIĞI A.Ş.,İSTANBUL,TREAVRK00024
AYCES,ALTIN YUNUS ÇEŞME TURİSTİK TESİSLER A.Ş.,İZMİR,TRAAYCES92K1
AYDEM,AYDEM YENİLENEBİLİR ENERJİ A.Ş.,DENİZLİ,TREAYDM00024
AYEN,AYEN ENERJİ A.Ş.,ANKARA,TRAAYENW91L0
AYES,AYES ÇELİK HASIR VE ÇİT SANAYİ A.Ş.,İSTANBUL,TREAYES00011
AYGAZ,AYGAZ A.Ş.,İSTANBUL,TRAAYGAZ91E0
AZTEK,AZTEK TEKNOLOJİ ÜRÜNLERİ TİCARET A.Ş.,İSTANBUL,TREAZTK00021
BAGFS,BAGFAŞ BANDIRMA GÜBRE FABRİKALARI A.Ş.,İSTANBUL,TRABAGFS91E2
BAHKM,BAHADIR KİMYA SANAYİ VE TİCARET A.Ş.,KIRIKKALE,TREBHDR00018
BAKAB,BAK AMBALAJ SANAYİ VE TİCARET A.Ş.,İZMİR,TRABAKAB91D3
BALAT,BALATACILAR BALATACILIK SANAYİ VE TİCARET A.Ş.,İZMİR,TREBLTA00012
BALSU,BALSU GIDA SANAYİ VE TİCARET A.Ş.,İSTANBUL,TREBALS00022
BANVT,BANVİT BANDIRMA VİTAMİNLİ YEM SANAYİ A.Ş.,BALIKESİR,TRABANVT92A9
BARMA,BAREM AMBALAJ SANAYİ VE TİCARET A.Ş.,İZMİR,TREBARM00014
BASCM,BAŞTAŞ BAŞKENT ÇİMENTO SANAYİ VE TİCARET A.Ş.,ANKARA,TREBASC00013
BASGZ,BAŞKENT DOĞALGAZ DAĞITIM GAYRİMENKUL YATIRIM ORTAKLIĞI A.Ş.,ANKARA,TREBSGZ00037
BAYRK,BAYRAK EBT TABAN SANAYİ VE TİCARET A.Ş.,İSTANBUL,TREBYRK00026
BEGYO,BATI EGE GAYRİMENKUL YATIRIM ORTAKLIĞI A.Ş.,DENİZLİ,TREBTEG00014
BERA,BERA HOLDİNG A.Ş.,KONYA,TREKMBH00014
BESTE,BEST BRANDS GRUP ENERJİ YATIRIM A.Ş.,İSTANBUL,TREBSBR00019
BETAE,BETA ENERJİ VE TEKNOLOJİ A.Ş.,ADANA,TREBTAE00025
BEYAZ,BEYAZ FİLO OTO KİRALAMA A.Ş.,ANKARA,TREBFOK00014
BFREN,BOSCH FREN SİSTEMLERİ SANAYİ VE TİCARET A.Ş.,BURSA,TRABFREN91H5
BIENY,BİEN YAPI ÜRÜNLERİ SANAYİ TURİZM VE TİCARET A.Ş.,ANKARA,TREBNYP00016
BIGCH,BÜYÜK ŞEFLER GIDA TURİZM TEKSTİL DANIŞMANLIK ORGANİZASYON EĞİTİM SANAYİ VE TİCARET A.Ş.,İSTANBUL,TREBIGC00011
BIGEN,BİRLEŞİM GRUP ENERJİ YATIRIMLARI A.Ş.,İSTANBUL,TREBYEN00010
BIMAS,BİM BİRLEŞİK MAĞAZALAR A.Ş.,İSTANBUL,TREBIMM00018
BINBN,BİN ULAŞIM VE AKILLI ŞEHİR TEKNOLOJİLERİ A.Ş.,İSTANBUL,TREBINU00019
BINHO,1000 YATIRIMLAR HOLDİNG A.Ş.,İSTANBUL,TREBINH00024
BIOEN,BİOTREND ÇEVRE VE ENERJİ YATIRIMLARI A.Ş.,İSTANBUL,TREBION00012
BIZIM,BİZİM TOPTAN SATIŞ MAĞAZALARI A.Ş.,İSTANBUL,TREBZMT00017
BJKAS,BEŞİKTAŞ FUTBOL YATIRIMLARI SANAYİ VE TİCARET A.Ş.,İSTANBUL,TRABJKAS91X6
BLCYT,BİLİCİ YATIRIM SANAYİ VE TİCARET A.Ş.,ADANA,TREBLCY00018
BMSCH,BMS ÇELİK HASIR SANAYİ VE TİCARET A.Ş.,MANİSA,TREBMSC00018
BMSTL,BMS BİRLEŞİK METAL SANAYİ VE TİCARET A.Ş.,İSTANBUL,TREBMSM00017
BNTAS,BANTAŞ BANDIRMA AMBALAJ SANAYİ VE TİCARET A.Ş.,BALIKESİR,TREBANT00026
BOBET,BOĞAZİÇİ BETON SANAYİ VE TİCARET A.Ş.,İSTANBUL,TREBOBT00014
BORLS,BORLEASE OTOMOTİV A.Ş.,İSTANBUL,TREBORL00025
BORSK,BOR ŞEKER A.Ş.,İSTANBUL,TREBRSK00010
BOSSA,BOSSA TİCARET VE SANAYİ İŞLETMELERİ T.A.Ş.,ADANA,TRABOSSA91B5
BRISA,BRİSA BRİDGESTONE SABANCI LASTİK SANAYİ VE TİCARET A.Ş.,İSTANBUL,TRABRISA91E3
BRKO,BİRKO BİRLEŞİK KOYUNLULULAR MENSUCAT TİCARET VE SANAYİ A.Ş.,NİĞDE,TREBRKO00019
BRKSN,BERKOSAN YALITIM VE TECRİT MADDELERİ ÜRETİM VE TİCARET A.Ş.,İSTANBUL,TREBERK00010
BRKVY,BİRİKİM VARLIK YÖNETİM A.Ş.,İSTANBUL,TREBVYS00013
BRLSM,BİRLEŞİM MÜHENDİSLİK ISITMA SOĞUTMA HAVALANDIRMA SANAYİ VE TİCARET A.Ş.,İSTANBUL,TREBLSM00027
BRMEN,BİRLİK MENSUCAT TİCARET VE SANAYİ İŞLETMESİ A.Ş.,KAYSERİ,TRABRMEN91B4
BRSAN,BORUSAN BİRLEŞİK BORU FABRİKALARI SANAYİ VE TİCARET A.Ş.,İSTANBUL,TRABRSAN91G8
BRYAT,BORUSAN YATIRIM VE PAZARLAMA A.Ş.,İSTANBUL,TRABRYAT91Q2
BSOKE,BATIÇİM ÇİMENTO SANAYİ A.Ş.,İZMİR,TRABSOKE91F5
BTCIM,BATIÇİM BATI ANADOLU SANAYİ VE TİCARET A.Ş.,İZMİR,TRABTCIM91F5
BUCIM,BURSA ÇİMENTO FABRİKASI A.Ş.,BURSA,TRABUCIM91F3
BULGS,BULLS GİRİŞİM SERMAYESİ YATIRIM ORTAKLIĞI A.Ş.,İSTANBUL,TREBULS00012
BURCE,BURÇELİK BURSA ÇELİK DÖKÜM SANAYİİ A.Ş.,BURSA,TRABURCE91G9
BURVA,BURÇELİK VANA SANAYİ VE TİCARET A.Ş.,BURSA,TREBRVN00018
BVSAN,BÜLBÜLOĞLU VİNÇ SANAYİ VE TİCARET A.Ş.,ANKARA,TREBVSB00011
BYDNR,BAYDÖNER RESTORANLARI A.Ş.,İZMİR,TREBYDN00012
CANTE,ÇAN2 TERMİK A.Ş.,İSTANBUL,TRECAN200011
CASA,CASA EMTİA PETROL KİMYEVİ VE TÜREVLERİ SANAYİ VE TİCARET A.Ş.,İSTANBUL,TREKRSS00014
CATES,ÇATES ELEKTRİK ÜRETİM A.Ş.,ZONGULDAK,TRECATS00015
CCOLA,COCA-COLA İÇECEK A.Ş.,İSTANBUL,TRECOLA00011
CELHA,ÇELİK HALAT VE TEL SANAYİİ A.Ş.,KOCAELİ,TRACELHA91G1
CEMAS,ÇEMAŞ DÖKÜM SANAYİ A.Ş.,KIRŞEHİR,TRECMAS00010
CEMTS,ÇEMTAŞ ÇELİK MAKİNA SANAYİ VE TİCARET A.Ş.,BURSA,TRACEMTS91G6
CEMZY,CEM ZEYTİN A.Ş.,İZMİR,TRECEMZ00017
CEOEM,CEO EVENT MEDYA A.Ş.,İSTANBUL,TRECEOM00011
CGCAM,ÇAĞDAŞ CAM SANAYİ VE TİCARET A.Ş.,AYDIN,TRECGDC00010
CIMSA,ÇİMSA ÇİMENTO SANAYİ VE TİCARET A.Ş.,İSTANBUL,TRACIMSA91F9
CLEBI,ÇELEBİ HAVA SERVİSİ A.Ş.,İSTANBUL,TRACLEBI91M5
CMBTN,ÇİMBETON HAZIRBETON VE PREFABRİK YAPI ELEMANLARI SANAYİ VE TİCARET A.Ş.,İZMİR,TRACMBTN91F5
CMENT,ÇİMENTAŞ İZMİR ÇİMENTO FABRİKASI T.A.Ş.,İZMİR,TRACMENT91F9
CONSE,CONSUS ENERJİ İŞLETMECİLİĞİ VE HİZMETLERİ A.Ş.,İSTANBUL,TRECONS00019
COSMO,COSMOS YATIRIM HOLDİNG A.Ş.,İSTANBUL,TRABUMYO91Q2
CRDFA,CREDITWEST FAKTORİNG A.Ş.,İSTANBUL,TRATPFAC91P5
CRFSA,CARREFOURSA CARREFOUR SABANCI TİCARET MERKEZİ A.Ş.,İSTANBUL,TRECARF00032
CUSAN,ÇUHADAROĞLU METAL SANAYİ VE PAZARLAMA A.Ş.,İSTANBUL,TRECUHA00016
CVKMD,CVK MADEN İŞLETMELERİ SANAYİ VE TİCARET A.Ş.,İSTANBUL,TRECVKM00021
CWENE,CW ENERJİ MÜHENDİSLİK TİCARET VE SANAYİ A.Ş.,ANTALYA,TRECWEN00012
DAGI,DAGİ GİYİM SANAYİ VE TİCARET A.Ş.,İSTANBUL,TREDAGI00011
DAPGM,DAP GAYRİMENKUL GELİŞTİRME A.Ş.,İSTANBUL,TREDAPG00032
DARDL,DARDANEL ÖNENTAŞ GIDA SANAYİ A.Ş.,ÇANAKKALE,TRADARDL91A3
DCTTR,DCT TRADİNG DIŞ TİCARET A.Ş.,İSTANBUL,TREDCTT00025
DENGE,DENGE YATIRIM HOLDİNG A.Ş.,İSTANBUL,TREDNGH00016
DERHL,DERLÜKS YATIRIM HOLDİNG A.Ş.,İSTANBUL,TREDDST00017
DERIM,DERİMOD KONFEKSİYON AYAKKABI DERİ SANAYİ VE TİCARET A.Ş.,TEKİRDAĞ,TRADERIM91B0
DESA,DESA DERİ SANAYİ VE TİCARET A.Ş.,İSTANBUL,TREDESA00015
DESPC,DESPEC BİLGİSAYAR PAZARLAMA VE TİCARET A.Ş.,İSTANBUL,TREDSPC00017
DEVA,DEVA HOLDİNG A.Ş.,İSTANBUL,TRADEVAW91E2
DGATE,DATAGATE BİLGİSAYAR MALZEMELERİ TİCARET A.Ş.,İSTANBUL,TREDGTE00010
DGGYO,DOĞUŞ GAYRİMENKUL YATIRIM ORTAKLIĞI A.Ş.,İSTANBUL,TRAOSGYO91Q1
DGNMO,DOĞANLAR MOBİLYA GRUBU İMALAT SANAYİ VE TİCARET A.Ş.,İSTANBUL,TRAKLBMO91C0
DIRIT,DİRİTEKS DİRİLİŞ TEKSTİL SANAYİ VE TİCARET A.Ş.,ISPARTA,TREDRTK00014
DITAS,DİTAŞ BDY YEDEK PARÇA İMALAT VE TEKNİK A.Ş.,NİĞDE,TRADITAS91H8
DMLKT,EMLAK KONUT DAMLA KENT GMS,İSTANBUL,TRNEGYO00018
DMRGD,DMR UNLU MAMULLER ÜRETİM GIDA TOPTAN PERAKENDE İHRACAT A.Ş.,İSTANBUL,TREDMRU00026
DMSAS,DEMİSAŞ DÖKÜM EMAYE MAMÜLLERİ SANAYİ A.Ş.,KOCAELİ,TRADMSAS91E9
DNISI,DİNAMİK ISI MAKİNA YALITIM MALZEMELERİ SANAYİ VE TİCARET A.Ş.,İZMİR,TREDIMY00027
DNYVA,DÜNYA VARLIK YÖNETİM A.Ş.,İSTANBUL,TREDVYS00019
DOAS,DOĞUŞ OTOMOTİV SERVİS VE TİCARET A.Ş.,İSTANBUL,TREDOTO00013
DOCO,DO & CO AKTIENGESELLSCHAFT,,AT0000818802
DOFER,DOFER YAPI MALZEMELERİ SANAYİ VE TİCARET A.Ş.,ANKARA,TREDOFR00023
DOFRB,DOF ROBOTİK SANAYİ A.Ş.,İSTANBUL,TREDFRB00020
DOGUB,DOĞUSAN BORU SANAYİ VE TİCARET A.Ş.,ERZİNCAN,TRADOGUB92F9
DOHOL,DOĞAN ŞİRKETLER GRUBU HOLDİNG A.Ş.,İSTANBUL,TRADOHOL91Q8
DOKTA,DÖKTAŞ DÖKÜMCÜLÜK TİCARET VE SANAYİ A.Ş.,BURSA,TRADOKTS91G7
DSTKF,DESTEK FİNANS FAKTORİNG A.Ş.,İSTANBUL,TREDSTF00012
DUNYH,DÜNYA HOLDİNG A.Ş.,İSTANBUL,TRASELGD91A6
DURDO,DURAN DOĞAN BASIM VE AMBALAJ SANAYİ A.Ş.,İSTANBUL,TRADUROF91D4
DURKN,DURUKAN ŞEKERLEME SANAYİ VE TİCARET A.Ş.,ANKARA,TREDRKN00025
DYOBY,DYO BOYA FABRİKALARI SANAYİ VE TİCARET A.Ş.,İZMİR,TRAYASAS91E0
DZGYO,DENİZ GAYRİMENKUL YATIRIM ORTAKLIĞI A.Ş.,İSTANBUL,TRADMRYO91Q4
EBEBK,EBEBEK MAĞAZACILIK A.Ş.,İSTANBUL,TREEBEB00025
ECILC,EİS ECZACIBAŞI İLAÇ SINAİ VE FİNANSAL YATIRIMLAR SANAYİ VE TİCARET A.Ş.,İSTANBUL,TRAECILC91E0
ECOGR,ECOGREEN ENERJİ HOLDİNG A.Ş.,DENİZLİ,TREECGR00024
ECZYT,ECZACIBAŞI YATIRIM HOLDİNG ORTAKLIĞI A.Ş.,İSTANBUL,TRAECZYT91Q5
EDATA,E-DATA TEKNOLOJİ PAZARLAMA A.Ş.,ANKARA,TREEDTA00021
EDIP,EDİP GAYRİMENKUL YATIRIM SANAYİ VE TİCARET A.Ş.,İSTANBUL,TRAEDIPW91B3
EFOR,EFOR YATIRIM SANAYİ TİCARET A.Ş.,İSTANBUL,TREEFOR00013
EGEEN,EGE ENDÜSTRİ VE TİCARET A.Ş.,İZMİR,TRAEGEEN91H5
EGEGY,EGEYAPI AVRUPA GAYRİMENKUL YATIRIM ORTAKLIĞI A.Ş.,İSTANBUL,TREEGEY00018
EGEPO,NASMED ÖZEL SAĞLIK HİZMETLERİ TİCARET A.Ş.,İZMİR,TRENSMD00029
EGGUB,EGE GÜBRE SANAYİİ A.Ş.,İZMİR,TRAEGGUB91E8
EGPRO,EGE PROFİL TİCARET VE SANAYİ A.Ş.,İZMİR,TRAEGPRO91E8
EGSER,EGE SERAMİK SANAYİ VE TİCARET A.Ş.,İZMİR,TRAEGSER91F0
EKDMR,EKİNCİLER DEMİR VE ÇELİK SANAYİ A.Ş.,İSTANBUL,TREEKNC00025
EKGYO,EMLAK KONUT GAYRİMENKUL YATIRIM ORTAKLIĞI A.Ş.,İSTANBUL,TREEGYO00017
EKIZ,EKİZ KİMYA SANAYİ VE TİCARET A.Ş.,İZMİR,TREEKIZ00018
EKOS,EKOS TEKNOLOJİ VE ELEKTRİK A.Ş.,BALIKESİR,TREEKOS00011
EKSUN,EKSUN GIDA TARIM SANAYİ VE TİCARET A.Ş.,İSTANBUL,TREEKSN00021
ELITE,ELİTE NATUREL ORGANİK GIDA SANAYİ VE TİCARET A.Ş.,ANKARA,TREELIT00019
EMKEL,EMEK ELEKTRİK ENDÜSTRİSİ A.Ş.,ANKARA,TRAEMKEL91L6
EMNIS,EMİNİŞ AMBALAJ SANAYİ VE TİCARET A.Ş.,KOCAELİ,TRAEMNIS91E1
EMPAE,EMPA ELEKTRONİK SANAYİ VE TİCARET A.Ş.,İSTANBUL,TREEMPA00012
ENDAE,ENDA ENERJİ HOLDİNG A.Ş.,İZMİR,TREENDA00016
ENERY,ENERYA ENERJİ A.Ş.,İSTANBUL,TREENRY00016
ENJSA,ENERJİSA ENERJİ A.Ş.,İSTANBUL,TREENSA00014
ENKAI,ENKA İNŞAAT VE SANAYİ A.Ş.,İSTANBUL,TREENKA00011
ENPRA,ENPARA BANK A.Ş.,İSTANBUL,TREENPR00014
ENSRI,ENSARİ SINAİ YATIRIMLAR A.Ş.,İSTANBUL,TREENSR00026
ENTRA,IC ENTERRA YENİLENEBİLİR ENERJİ A.Ş.,ANKARA,TREICNT00027
EPLAS,EGEPLAST EGE PLASTİK TİCARET VE SANAYİ A.Ş.,İZMİR,TRAEPLAS91E5
ERBOS,ERBOSAN ERCİYAS BORU SANAYİ VE TİCARET A.Ş.,KAYSERİ,TRAERBOS91G8
ERCB,ERCİYAS ÇELİK BORU SANAYİ A.Ş.,İSTANBUL,TREERCY00027
EREGL,EREĞLİ DEMİR VE ÇELİK FABRİKALARI T.A.Ş.,İSTANBUL,TRAEREGL91G3
ERSU,ERSU MEYVE VE GIDA SANAYİ A.Ş.,ANKARA,TRAERSUW91A4
ESCAR,ESCAR FİLO KİRALAMA HİZMETLERİ A.Ş.,İSTANBUL,TREESCR00029
ESCOM,ESCORT TEKNOLOJİ YATIRIM A.Ş.,İSTANBUL,TRAESCOM91U8
ESEN,ESENBOĞA ELEKTRİK ÜRETİM A.Ş.,ANKARA,TREESEN00024
ETILR,ETİLER GIDA VE TİCARİ YATIRIMLAR SANAYİ VE TİCARET A.Ş.,İSTANBUL,TREEIBG00017
ETYAT,EURO TREND YATIRIM ORTAKLIĞI A.Ş.,ANKARA,TREEUTY00017
EUHOL,EURO YATIRIM HOLDİNG A.Ş.,İSTANBUL,TREEUYM00012
EUKYO,EURO KAPİTAL YATIRIM ORTAKLIĞI A.Ş.,ANKARA,TREEKYO00019
EUPWR,EUROPOWER ENERJİ VE OTOMASYON TEKNOLOJİLERİ SANAYİ TİCARET A.Ş.,ANKARA,TREEUPW00019
EUREN,EUROPEN ENDÜSTRİ İNŞAAT SANAYİ VE TİCARET A.Ş.,ESKİŞEHİR,TREEURN00030
EUYO,EURO MENKUL KIYMET YATIRIM ORTAKLIĞI A.Ş.,ANKARA,TREEURY00011
EYGYO,EYG GAYRİMENKUL YATIRIM ORTAKLIĞI A.Ş.,İSTANBUL,TREEYGG00021
FADE,FADE GIDA YATIRIM SANAYİ TİCARET A.Ş.,İZMİR,TREFADE00012
FENER,FENERBAHÇE FUTBOL A.Ş.,İSTANBUL,TREFBAH00019
FLAP,FLAP KONGRE TOPLANTI HİZMETLERİ OTOMOTİV VE TURİZM A.Ş.,ANKARA,TREFLAP00011
FMIZP,FEDERAL MOGUL İZMİT PİSTON VE PİM ÜRETİM TESİSLERİ A.Ş.,KOCAELİ,TRAISTMP91H7
FONET,FONET BİLGİ TEKNOLOJİLERİ A.Ş.,ANKARA,TREFONT00010
FORMT,FORMET METAL VE CAM SANAYİ A.Ş.,KAYSERİ,TREFRMT00015
FORTE,FORTE BİLGİ İLETİŞİM TEKNOLOJİLERİ VE SAVUNMA SANAYİ A.Ş.,ANKARA,TREFRTE00012
FRIGO,FRİGO-PAK GIDA MADDELERİ SANAYİ VE TİCARET A.Ş.,İSTANBUL,TRAFRIGO91A8
FRMPL,FORMÜL PLASTİK VE METAL SANAYİ A.Ş.,İSTANBUL,TREFRML00012
FROTO,FORD OTOMOTİV SANAYİ A.Ş.,İSTANBUL,TRAOTOSN91H6
FZLGY,FUZUL GAYRİMENKUL YATIRIM ORTAKLIĞI A.Ş.,İSTANBUL,TREFUZL00026
GARAN,TÜRKİYE GARANTİ BANKASI A.Ş.,İSTANBUL,TRAGARAN91N1
GARFA,GARANTİ FAKTORİNG A.Ş.,İSTANBUL,TRAAKFIN91P6
GATEG,GATE GROUP TEKNOLOJİ MEDYA VE SİBER GÜVENLİK HİZMETLERİ A.Ş.,İSTANBUL,TRESNKR00023
GEDIK,GEDİK YATIRIM MENKUL DEĞERLER A.Ş.,İSTANBUL,TREGDKM00012
GEDZA,GEDİZ AMBALAJ SANAYİ VE TİCARET A.Ş.,KÜTAHYA,TREGDZA00015
GENIL,GEN İLAÇ VE SAĞLIK ÜRÜNLERİ SANAYİ VE TİCARET A.Ş.,ANKARA,TREGENL00024
GENKM,GENTAŞ KİMYA SANAYİ VE TİCARET PAZARLAMA A.Ş.,KOCAELİ,TREGNTK00016
GENTS,GENTAŞ DEKORATİF YÜZEYLER SANAYİ VE TİCARET A.Ş.,BOLU,TRAGENTS91C4
GEREL,GERSAN ELEKTRİK TİCARET VE SANAYİ A.Ş.,İSTANBUL,TREGREL00017
GESAN,GİRİŞİM ELEKTRİK SANAYİ TAAHHÜT VE TİCARET A.Ş.,ANKARA,TREGESN00029
GIPTA,GIPTA OFİS KIRTASİYE VE PROMOSYON ÜRÜNLERİ İMALAT SANAYİ A.Ş.,ANKARA,TREGPTA00038
GLBMD,GLOBAL MENKUL DEĞERLER A.Ş.,İSTANBUL,TREGLMK00015
GLCVY,GELECEK VARLIK YÖNETİMİ A.Ş.,İSTANBUL,TREGVYO00011
GLRMK,GÜLERMAK AĞIR SANAYİ İNŞAAT VE TAAHHÜT A.Ş.,ANKARA,TREGLRM00010
GLRYH,GÜLER YATIRIM HOLDİNG A.Ş.,İSTANBUL,TREBSKY00016
GLYHO,GLOBAL YATIRIM HOLDİNG A.Ş.,İSTANBUL,TRAGLMDE91R3
GMTAS,GİMAT MAĞAZACILIK SANAYİ VE TİCARET A.Ş.,ANKARA,TREGMAT00027
GOKNR,GÖKNUR GIDA MADDELERİ ENERJİ İMALAT İTHALAT İHRACAT TİCARET VE SANAYİ A.Ş.,ANKARA,TREGKNR00036
GOLTS,GÖLTAŞ GÖLLER BÖLGESİ ÇİMENTO SANAYİ VE TİCARET A.Ş.,İSTANBUL,TRAGOLTS91F0
GOODY,GOODYEAR LASTİKLERİ T.A.Ş.,İSTANBUL,TRAGOODY91E9
GOZDE,GÖZDE GİRİŞİM SERMAYESİ YATIRIM ORTAKLIĞI A.Ş.,İSTANBUL,TREGZDF00014
GRNYO,GARANTİ YATIRIM ORTAKLIĞI A.Ş.,İSTANBUL,TRAGRNYO91Q5
GRSEL,GÜR-SEL TURİZM TAŞIMACILIK VE SERVİS TİCARET A.Ş.,İSTANBUL,TREGRSL00025
GRTHO,GRAINTURK HOLDİNG A.Ş.,İSTANBUL,TREGRNT00029
GSDDE,GSD DENİZCİLİK GAYRİMENKUL İNŞAAT SANAYİ VE TİCARET A.Ş.,İSTANBUL,TRARANTL91P6
GSDHO,GSD HOLDİNG A.Ş.,İSTANBUL,TRAGSDHO91Q9
GSRAY,GALATASARAY SPORTİF SINAİ VE TİCARİ YATIRIMLAR A.Ş.,İSTANBUL,TRAGSRAY91X9
GUBRF,GÜBRE FABRİKALARI T.A.Ş.,İSTANBUL,TRAGUBRF91E2
GUNDG,GÜNDOĞDU GIDA SÜT ÜRÜNLERİ SANAYİ VE DIŞ TİCARET A.Ş.,İSTANBUL,TREGUND00019
GWIND,GALATA WIND ENERJİ A.Ş.,İSTANBUL,TREGWIN00014
GZNMI,GEZİNOMİ SEYAHAT TURİZM TİCARET A.Ş.,ANTALYA,TREGZNM00027
HALKB,TÜRKİYE HALK BANKASI A.Ş.,İSTANBUL,TRETHAL00019
HATEK,HATEKS HATAY TEKSTİL İŞLETMELERİ A.Ş.,HATAY,TREHTKS00013
HATSN,HAT-SAN GEMİ İNŞAA BAKIM ONARIM DENİZ NAKLİYAT SANAYİ VE TİCARET A.Ş.,İSTANBUL,TREHTSN00017
HDFGS,HEDEF GİRİŞİM SERMAYESİ YATIRIM ORTAKLIĞI A.Ş.,İSTANBUL,TREHEDF00017
HEDEF,HEDEF HOLDİNG A.Ş.,İSTANBUL,TREHDEF00017
HEKTS,HEKTAŞ TİCARET T.A.Ş.,KOCAELİ,TRAHEKTS91E4
HKTM,HİDROPAR HAREKET KONTROL TEKNOLOJİLERİ MERKEZİ SANAYİ VE TİCARET A.Ş.,KOCAELİ,TREHDRP00018
HLGYO,HALK GAYRİMENKUL YATIRIM ORTAKLIĞI A.Ş.,İSTANBUL,TREHLGY00016
HOROZ,HOROZ LOJİSTİK KARGO HİZMETLERİ VE TİCARET A.Ş.,İSTANBUL,TREHROZ00022
HRKET,HAREKET PROJE TAŞIMACILIĞI VE YÜK MÜHENDİSLİĞİ A.Ş.,İSTANBUL,TREHRKT00015
HTTBT,HİTİT BİLGİSAYAR HİZMETLERİ A.Ş.,İSTANBUL,TREHTTB00036
HUBVC,HUB GİRİŞİM SERMAYESİ YATIRIM ORTAKLIĞI A.Ş.,İSTANBUL,TREMBYO00011
HUNER,HUN YENİLENEBİLİR ENERJİ ÜRETİM A.Ş.,İSTANBUL,TREHUNR00025
HURGZ,HÜRRİYET GAZETECİLİK VE MATBAACILIK A.Ş.,İSTANBUL,TRAHURGZ91D9
ICBCT,ICBC TURKEY BANK A.Ş.,İSTANBUL,TRATEKST91N0
IDGYO,İDEALİST GAYRİMENKUL YATIRIM ORTAKLIĞI A.Ş.,İSTANBUL,TREIDGY00011
IEYHO,IŞIKLAR ENERJİ VE YAPI HOLDİNG A.Ş.,İSTANBUL,TRAMTEKS91B0
IHAAS,İHLAS HABER AJANSI A.Ş.,İSTANBUL,TREIHAS00025
IHEVA,İHLAS EV ALETLERİ İMALAT SANAYİ VE TİCARET A.Ş.,İSTANBUL,TRAIHEVA91H5
IHGZT,İHLAS GAZETECİLİK A.Ş.,İSTANBUL,TREIHGZ00019
IHLAS,İHLAS HOLDİNG A.Ş.,İSTANBUL,TRAIHLAS91D5
IHLGM,İHLAS GAYRİMENKUL PROJE GELİŞTİRME VE TİCARET A.Ş.,İSTANBUL,TRAOKANT91B5
IHYAY,İHLAS YAYIN HOLDİNG A.Ş.,İSTANBUL,TREIHYA00015
IMASM,İMAŞ MAKİNA SANAYİ A.Ş.,KONYA,TREIMAS00017
INDES,İNDEKS BİLGİSAYAR SİSTEMLERİ MÜHENDİSLİK SANAYİ VE TİCARET A.Ş.,İSTANBUL,TREINDX00019
INFO,İNFO YATIRIM MENKUL DEĞERLER A.Ş.,İSTANBUL,TREINFM00017
INTEM,İNTEMA İNŞAAT VE TESİSAT MALZEMELERİ YATIRIM VE PAZARLAMA A.Ş.,İSTANBUL,TRAINTEM91I0
INVES,INVESTCO HOLDİNG A.Ş.,İSTANBUL,TREINVS00029
ISATR,TÜRKİYE İŞ BANKASI A.Ş.,İSTANBUL,TRAISATR91N6
ISBIR,İŞBİR HOLDİNG A.Ş.,ANKARA,TREISBR00014
ISBTR,TÜRKİYE İŞ BANKASI A.Ş.,İSTANBUL,TRAISBTR91N4
ISCTR,TÜRKİYE İŞ BANKASI A.Ş.,İSTANBUL,TRAISCTR91N2
ISDMR,İSKENDERUN DEMİR VE ÇELİK A.Ş.,HATAY,TREISDC00020
ISGSY,İŞ GİRİŞİM SERMAYESİ YATIRIM ORTAKLIĞI A.Ş.,İSTANBUL,TREIGSY00019
ISGYO,İŞ GAYRİMENKUL YATIRIM ORTAKLIĞI A.Ş.,İSTANBUL,TRAISGYO91Q3
ISKPL,IŞIK PLASTİK SANAYİ VE DIŞ TİCARET PAZARLAMA A.Ş.,İSTANBUL,TREISKP00027
ISKUR,TÜRKİYE İŞ BANKASI A.Ş.,İSTANBUL,TRAISKUR91N3
ISSEN,İŞBİR SENTETİK DOKUMA SANAYİ A.Ş.,BALIKESİR,TREISBS00012
ISYAT,İŞ YATIRIM ORTAKLIĞI A.Ş.,İSTANBUL,TRAISYAT91Q5
IZENR,İZDEMİR ENERJİ ELEKTRİK ÜRETİM A.Ş.,İZMİR,TREIZDM00016
IZFAS,İZMİR FIRÇA SANAYİ VE TİCARET A.Ş.,İZMİR,TREIFIR00016
IZINV,İZ YATIRIM HOLDİNG A.Ş.,İSTANBUL,TREIZTA00017
IZMDC,İZMİR DEMİR ÇELİK SANAYİ A.Ş.,İZMİR,TRAIZMDC91G6
JANTS,JANTSA JANT SANAYİ VE TİCARET A.Ş.,AYDIN,TREJANT00011
KAPLM,KAPLAMİN AMBALAJ SANAYİ VE TİCARET A.Ş.,İZMİR,TRAKAPLM91D7
KAREL,KAREL ELEKTRONİK SANAYİ VE TİCARET A.Ş.,İSTANBUL,TREKREL00019
KARSN,KARSAN OTOMOTİV SANAYİİ VE TİCARET A.Ş.,BURSA,TRAKARSN91H7
KARTN,KARTONSAN KARTON SANAYİ VE TİCARET A.Ş.,İSTANBUL,TRAKARTN91D4
KATMR,KATMERCİLER ARAÇ ÜSTÜ EKİPMAN SANAYİ VE TİCARET A.Ş.,İZMİR,TREKTMR00015
KAYSE,KAYSERİ ŞEKER FABRİKASI A.Ş.,KAYSERİ,TREKAYS00018
KBORU,KUZEY BORU A.Ş.,AKSARAY,TREKZYB00011
KCAER,KOCAER ÇELİK SANAYİ VE TİCARET A.Ş.,DENİZLİ,TREKCAE00030
KCHOL,KOÇ HOLDİNG A.Ş.,İSTANBUL,TRAKCHOL91Q8
KENT,KENT GIDA MADDELERİ SANAYİİ VE TİCARET A.Ş.,KOCAELİ,TRAKENTW91A2
KERVN,KERVANSARAY YATIRIM HOLDİNG A.Ş.,İSTANBUL,TRACEYLN91B0
KFEIN,KAFEİN YAZILIM HİZMETLERİ TİCARET A.Ş.,İSTANBUL,TREKFIN00037
KGYO,KORAY GAYRİMENKUL YATIRIM ORTAKLIĞI A.Ş.,İSTANBUL,TRAYKGYO91Q7
KIMMR,ERSAN ALIŞVERİŞ HİZMETLERİ VE GIDA SANAYİ TİCARET A.Ş.,İSTANBUL,TREERSN00026
KLGYO,KİLER GAYRİMENKUL YATIRIM ORTAKLIĞI A.Ş.,İSTANBUL,TREKGYO00014
KLKIM,KALEKİM KİMYEVİ MADDELER SANAYİ VE TİCARET A.Ş.,İSTANBUL,TREKLKM00025
KLMSN,KLİMASAN KLİMA SANAYİ VE TİCARET A.Ş.,MANİSA,TRAKLMSN91H5
KLNMA,TÜRKİYE KALKINMA VE YATIRIM BANKASI A.Ş.,İSTANBUL,TRATKBNK91N6
KLRHO,KİLER HOLDİNG A.Ş.,İSTANBUL,TREKLRH00038
KLSER,KALESERAMİK ÇANAKKALE KALEBODUR SERAMİK SANAYİ A.Ş.,İSTANBUL,TREKALE00049
KLSYN,KOLEKSİYON MOBİLYA SANAYİ A.Ş.,İSTANBUL,TREKLSN00026
KLYPV,KALYON GÜNEŞ TEKNOLOJİLERİ ÜRETİM A.Ş.,ANKARA,TREKLYN00024
KMPUR,KİMTEKS POLİÜRETAN SANAYİ VE TİCARET A.Ş.,İSTANBUL,TREKMPU00017
KNFRT,KONFRUT TARIM A.Ş.,İSTANBUL,TRAKNFRT91A9
KOCMT,KOÇ METALURJİ A.Ş.,HATAY,TREKOCM00018
KONKA,KONYA KAĞIT SANAYİ VE TİCARET A.Ş.,KONYA,TREKNKA00026
KONTR,KONTROLMATİK TEKNOLOJİ ENERJİ VE MÜHENDİSLİK A.Ş.,İSTANBUL,TREKNTR00013
KONYA,KONYA ÇİMENTO SANAYİİ A.Ş.,KONYA,TRAKONYA91F6
KOPOL,KOZA POLYESTER SANAYİ VE TİCARET A.Ş.,GAZİANTEP,TREKOPL00012
KORDS,KORDSA TEKNİK TEKSTİL A.Ş.,KOCAELİ,TRAKORDS91B2
KOTON,KOTON MAĞAZACILIK TEKSTİL SANAYİ VE TİCARET A.Ş.,İSTANBUL,TREKOTN00028
KRDMA,KARDEMİR KARABÜK DEMİR ÇELİK SANAYİ VE TİCARET A.Ş.,KARABÜK,TRAKRDMA91G3
KRDMB,KARDEMİR KARABÜK DEMİR ÇELİK SANAYİ VE TİCARET A.Ş.,KARABÜK,TRAKRDMB91G1
KRDMD,KARDEMİR KARABÜK DEMİR ÇELİK SANAYİ VE TİCARET A.Ş.,KARABÜK,TRAKRDMR91G7
KRGYO,KÖRFEZ GAYRİMENKUL YATIRIM ORTAKLIĞI A.Ş.,İSTANBUL,TREKRFZ00016
KRONT,KRON TEKNOLOJİ A.Ş.,İSTANBUL,TREKRON00014
KRPLS,KOROPLAST TEMİZLİK AMBALAJ ÜRÜNLERİ SANAYİ VE DIŞ TİCARET A.Ş.,İSTANBUL,TREKRPL00015
KRSTL,KRİSTAL KOLA VE MEŞRUBAT SANAYİ TİCARET A.Ş.,İSTANBUL,TRAKRSTL91A6
KRTEK,KARSU TEKSTİL SANAYİİ VE TİCARET A.Ş.,KAYSERİ,TRAKRTEK91B6
KRVGD,KERVAN GIDA SANAYİ VE TİCARET A.Ş.,İSTANBUL,TREKRVG00013
KSTUR,KUŞTUR KUŞADASI TURİZM ENDÜSTRİSİ A.Ş.,AYDIN,TREKUST00016
KTLEV,KATILIMEVİM TASARRUF FİNANSMAN A.Ş.,İSTANBUL,TREKTLV00019
KTSKR,KÜTAHYA ŞEKER FABRİKASI A.Ş.,KÜTAHYA,TREKTSR00046
KUTPO,KÜTAHYA PORSELEN SANAYİ A.Ş.,KÜTAHYA,TRAKUTPO91F9
KUVVA,KUVVA GIDA TİCARET VE SANAYİ YATIRIMLARI A.Ş.,İSTANBUL,TRASERVE91T0
KUYAS,KUYAŞ YATIRIM A.Ş.,İSTANBUL,TREKYAS00018
KZBGY,KIZILBÜK GAYRİMENKUL YATIRIM ORTAKLIĞI A.Ş.,İSTANBUL,TREKZBG00026
KZGYO,KUZUGRUP GAYRİMENKUL YATIRIM ORTAKLIĞI A.Ş.,İSTANBUL,TREKZGR00014
LIDER,LDR TURİZM A.Ş.,İSTANBUL,TRELDRT00020
LIDFA,LİDER FAKTORİNG A.Ş.,İSTANBUL,TRELDFK00016
LILAK,LİLA KAĞIT SANAYİ VE TİCARET A.Ş.,İSTANBUL,TRELILA00022
LINK,LİNK BİLGİSAYAR SİSTEMLERİ YAZILIMI VE DONANIMI SANAYİ VE TİCARET A.Ş.,İSTANBUL,TRALINKW91U8
LKMNH,LOKMAN HEKİM ENGÜRÜSAĞ SAĞLIK TURİZM EĞİTİM HİZMETLERİ VE İNŞAAT TAAHHÜT A.Ş.,ANKARA,TRELKMH00013
LMKDC,LİMAK DOĞU ANADOLU ÇİMENTO SANAYİ VE TİCARET A.Ş.,ŞANLIURFA,TRELIMK00029
LOGO,LOGO YAZILIM SANAYİ VE TİCARET A.Ş.,KOCAELİ,TRALOGOW91U2
LRSHO,LORAS HOLDİNG A.Ş.,KONYA,TREITFK00018
LUKSK,LÜKS KADİFE TİCARET VE SANAYİİ A.Ş.,KAYSERİ,TRALUKSK91B7
LXGYO,LUXERA GAYRİMENKUL YATIRIM ORTAKLIĞI A.Ş.,İSTANBUL,TRELUXR00018
MAALT,MARMARİS ALTINYUNUS TURİSTİK TESİSLER A.Ş.,ANTALYA,TRAMAALT91K5
MACKO,MACKOLİK İNTERNET HİZMETLERİ TİCARET A.Ş.,İSTANBUL,TREMACK00017
MAGEN,MARGÜN ENERJİ ÜRETİM SANAYİ VE TİCARET A.Ş.,ANKARA,TREMARN00027
MAKIM,MAKİM MAKİNA TEKNOLOJİLERİ SANAYİ VE TİCARET A.Ş.,ANKARA,TREMAKM00024
MAKTK,MAKİNA TAKIM ENDÜSTRİSİ A.Ş.,İSTANBUL,TRAMAKTK91H2
MANAS,MANAS ENERJİ YÖNETİMİ SANAYİ VE TİCARET A.Ş.,ANKARA,TREMANS00025
MARBL,TUREKS TURUNÇ MADENCİLİK İÇ VE DIŞ TİCARET A.Ş.,AFYONKARAHİSAR,TRETRKT00044
MARKA,MARKA YATIRIM HOLDİNG A.Ş.,İSTANBUL,TREIFTY00019
MARMR,MARMARA HOLDİNG A.Ş.,KOCAELİ,TREMRMH00016
MARTI,MARTI OTEL İŞLETMELERİ A.Ş.,İSTANBUL,TRAMMART91K7
MAVI,MAVİ GİYİM SANAYİ VE TİCARET A.Ş.,İSTANBUL,TREMAVI00037
MCARD,METROPAL KURUMSAL HİZMETLER A.Ş.,İSTANBUL,TREMTRP00014
MEDTR,MEDİTERA TIBBİ MALZEME SANAYİ VE TİCARET A.Ş.,İZMİR,TREMDTR00028
MEGAP,MEGA POLİETİLEN KÖPÜK SANAYİ VE TİCARET A.Ş.,İSTANBUL,TREMEGA00011
MEGMT,MEGA METAL SANAYİ VE TİCARET A.Ş.,İSTANBUL,TREMEGM00024
MEKAG,MEKA GLOBAL MAKİNE İMALAT SANAYİ VE TİCARET A.Ş.,ANKARA,TREMEKA00013
MERCN,MERCAN KİMYA SANAYİ VE TİCARET A.Ş.,DENİZLİ,TREMRCN00023
MERIT,MERİT TURİZM YATIRIM VE İŞLETME A.Ş.,İSTANBUL,TREMRTT00016
MERKO,MERKO GIDA SANAYİ VE TİCARET A.Ş.,İSTANBUL,TRAMERKO91A5
METRO,METRO TİCARİ VE MALİ YATIRIMLAR HOLDİNG A.Ş.,İSTANBUL,TRAVANET91A5
MEYSU,MEYSU GIDA SANAYİ VE TİCARET A.Ş.,KAYSERİ,TREMYSU00020
MGROS,MİGROS TİCARET A.Ş.,İSTANBUL,TREMGTI00012
MHRGY,MHR GAYRİMENKUL YATIRIM ORTAKLIĞI A.Ş.,İSTANBUL,TREMHRG00018
MIATK,MİA TEKNOLOJİ A.Ş.,ANKARA,TREMIAT00015
MMCAS,MMC SANAYİ VE TİCARİ YATIRIMLAR A.Ş.,İSTANBUL,TREGNTR00011
MNDRS,MENDERES TEKSTİL SANAYİ VE TİCARET A.Ş.,İZMİR,TRAMNDRS91B0
MNDTR,MONDİ TURKEY OLUKLU MUKAVVA KAĞIT VE AMBALAJ SANAYİ A.Ş.,İZMİR,TRATIREW91D1
MOBTL,MOBİLTEL İLETİŞİM HİZMETLERİ SANAYİ VE TİCARET A.Ş.,İSTANBUL,TREMBTL00025
MOGAN,MOGAN ENERJİ YATIRIM HOLDİNG A.Ş.,ANKARA,TREMOGN00021
MOPAS,MOPAŞ MARKETÇİLİK GIDA SANAYİ VE TİCARET A.Ş.,İSTANBUL,TREMPAS00012
MPARK,MLP SAĞLIK HİZMETLERİ A.Ş.,İSTANBUL,TREMLPC00021
MRGYO,MARTI GAYRİMENKUL YATIRIM ORTAKLIĞI A.Ş.,İSTANBUL,TREMRGY00013
MRSHL,MARSHALL BOYA VE VERNİK SANAYİİ A.Ş.,KOCAELİ,TRAMRSHL91E9
MSGYO,MİSTRAL GAYRİMENKUL YATIRIM ORTAKLIĞI A.Ş.,İZMİR,TREMIST00017
MTRKS,MATRİKS FİNANSAL TEKNOLOJİLER A.Ş.,İSTANBUL,TREMTRK00015
MTRYO,METRO YATIRIM ORTAKLIĞI A.Ş.,İSTANBUL,TRAECBYO91Q7
MZHLD,MAZHAR ZORLU HOLDİNG A.Ş.,İZMİR,TRAMZHLD94Q2
NATEN,NATUREL YENİLENEBİLİR ENERJİ TİCARET A.Ş.,ANKARA,TRENATU00026
NETAS,NETAŞ TELEKOMÜNİKASYON A.Ş.,İSTANBUL,TRANETAS91H6
NETCD,NETCAD YAZILIM A.Ş.,ANKARA,TRENETC00026
NIBAS,NİĞBAŞ NİĞDE BETON SANAYİ VE TİCARET A.Ş.,NİĞDE,TRENNBS00013
NTGAZ,NATURELGAZ SANAYİ VE TİCARET A.Ş.,İSTANBUL,TRENTGZ00014
NTHOL,NET HOLDİNG A.Ş.,İSTANBUL,TRANTHOL91Q6
NUGYO,NUROL GAYRİMENKUL YATIRIM ORTAKLIĞI A.Ş.,İSTANBUL,TRANUGYO91Q9
NUHCM,NUH ÇİMENTO SANAYİ A.Ş.,KOCAELİ,TRANUHCM91F0
OBAMS,OBA MAKARNACILIK SANAYİ VE TİCARET A.Ş.,GAZİANTEP,TREOBAM00011
OBASE,OBASE BİLGİSAYAR VE DANIŞMANLIK HİZMETLERİ TİCARET A.Ş.,İSTANBUL,TREOBAS00018
ODAS,ODAŞ ELEKTRİK ÜRETİM SANAYİ TİCARET A.Ş.,İSTANBUL,TREODAS00014
ODINE,ODİNE SOLUTİONS TEKNOLOJİ TİCARET VE SANAYİ A.Ş.,İSTANBUL,TREODNE00017
OFSYM,OFİS YEM GIDA SANAYİ TİCARET A.Ş.,ANKARA,TREOFSY00027
ONCSM,ONCOSEM ONKOLOJİK SİSTEMLER SANAYİ VE TİCARET A.Ş.,ANKARA,TREONCO00026
ONRYT,ONUR YÜKSEK TEKNOLOJİ A.Ş.,ANKARA,TREONRY00015
ORCAY,ORÇAY ORTAKÖY ÇAY SANAYİ VE TİCARET A.Ş.,RİZE,TREORCY00026
ORGE,ORGE ENERJİ ELEKTRİK TAAHHÜT A.Ş.,İSTANBUL,TREORGE00011
ORMA,ORMA ORMAN MAHSÜLLERİ İNTEGRE SANAYİ VE TİCARET A.Ş.,İSTANBUL,TREORMA00017
ORZAX,ORZAKS İLAÇ VE KİMYA SANAYİ TİCARET A.Ş.,İSTANBUL,TREORZK00018
OSMEN,OSMANLI YATIRIM MENKUL DEĞERLER A.Ş.,İSTANBUL,TREOSMK00022
OSTIM,OSTİM ENDÜSTRİYEL YATIRIMLAR VE İŞLETME A.Ş.,ANKARA,TREOSTM00015
OTKAR,OTOKAR OTOMOTİV VE SAVUNMA SANAYİ A.Ş.,İSTANBUL,TRAOTKAR91H3
OTTO,OTTO HOLDİNG A.Ş.,İSTANBUL,TRETTUR00019
OYAYO,OYAK YATIRIM ORTAKLIĞI A.Ş.,İSTANBUL,TREOYAY00018
OYLUM,OYLUM SINAİ YATIRIMLAR A.Ş.,KAYSERİ,TREOYLS00017
OYYAT,OYAK YATIRIM MENKUL DEĞERLER A.Ş.,İSTANBUL,TREOYMD00017
OZATD,ÖZATA DENİZCİLİK SANAYİ VE TİCARET A.Ş.,YALOVA,TREOZAT00023
OZGYO,ÖZDERİCİ GAYRİMENKUL YATIRIM ORTAKLIĞI A.Ş.,İSTANBUL,TRAOZFIN91P5
OZKGY,ÖZAK GAYRİMENKUL YATIRIM ORTAKLIĞI A.Ş.,İSTANBUL,TREOZAK00014
OZRDN,ÖZERDEN AMBALAJ SANAYİ A.Ş.,İSTANBUL,TREOZER00029
OZSUB,ÖZSU BALIK ÜRETİM A.Ş.,İZMİR,TREOZSU00023
OZYSR,ÖZYAŞAR TEL VE GALVANİZLEME SANAYİ A.Ş.,İSTANBUL,TREOZYS00025
PAGYO,PANORA GAYRİMENKUL YATIRIM ORTAKLIĞI A.Ş.,ANKARA,TREPGYO00013
PAHOL,PASİFİK HOLDİNG A.Ş.,ANKARA,TREPSFH00011
PAMEL,PAMEL YENİLENEBİLİR ELEKTRİK ÜRETİM A.Ş.,İSTANBUL,TREBOMO00012
PAPIL,PAPİLON SAVUNMA TEKNOLOJİ VE TİCARET A.Ş.,ANKARA,TREPAPL00010
PARSN,PARSAN MAKİNA PARÇALARI SANAYİİ A.Ş.,İSTANBUL,TRAPARSN91H6
PASEU,PASİFİK EURASİA LOJİSTİK DIŞ TİCARET A.Ş.,ANKARA,TREPASF00024
PATEK,PASİFİK TEKNOLOJİ A.Ş.,İSTANBUL,TREPSFD00010
PCILT,PC İLETİŞİM VE MEDYA HİZMETLERİ SANAYİ TİCARET A.Ş.,İSTANBUL,TREPCIL00029
PEKGY,PEKER GAYRİMENKUL YATIRIM ORTAKLIĞI A.Ş.,İSTANBUL,TREPEGY00022
PENGD,PENGUEN GIDA SANAYİ A.Ş.,BURSA,TRAPENGD91A8
PENTA,PENTA TEKNOLOJİ ÜRÜNLERİ DAĞITIM TİCARET A.Ş.,İSTANBUL,TREPNTA00042
PETKM,PETKİM PETROKİMYA HOLDİNG A.Ş.,İZMİR,TRAPETKM91E0
PETUN,PINAR ENTEGRE ET VE UN SANAYİİ A.Ş.,İZMİR,TRAPETUN91A5
PGSUS,PEGASUS HAVA TAŞIMACILIĞI A.Ş.,İSTANBUL,TREPEGS00016
PINSU,PINAR SU VE İÇECEK SANAYİ VE TİCARET A.Ş.,İZMİR,TRAPINSU91A8
PKART,PLASTİKKART AKILLI KART İLETİŞİM SİSTEMLERİ SANAYİ VE TİCARET A.Ş.,İSTANBUL,TREPKRT00018
PKENT,PETROKENT TURİZM A.Ş.,ANKARA,TRAPKENT91K5
PLTUR,PLATFORM TURİZM TAŞIMACILIK GIDA İNŞAAT TEMİZLİK HİZMETLERİ SANAYİ VE TİCARET A.Ş.,İSTANBUL,TREPLTU00028
PNLSN,PANELSAN ÇATI CEPHE SİSTEMLERİ SANAYİ VE TİCARET A.Ş.,ANKARA,TREPNLS00017
PNSUT,PINAR SÜT MAMÜLLERİ SANAYİİ A.Ş.,İZMİR,TRAPNSUT91A5
POLHO,POLİSAN HOLDİNG A.Ş.,KOCAELİ,TREPOHO00012
POLTK,POLİTEKNİK METAL SANAYİ VE TİCARET A.Ş.,İSTANBUL,TREPOLT00013
PRDGS,PARDUS GİRİŞİM SERMAYESİ YATIRIM ORTAKLIĞI A.Ş.,İSTANBUL,TREPRDS00023
PRKAB,TÜRK PRYSMİAN KABLO VE SİSTEMLERİ A.Ş.,BURSA,TRASMENS91H3
PRKME,PARK ELEKTRİK ÜRETİM MADENCİLİK SANAYİ VE TİCARET A.Ş.,İSTANBUL,TRAPRKTE91B5
PRZMA,PRİZMA PRES MATBAACILIK YAYINCILIK SANAYİ VE TİCARET A.Ş.,İSTANBUL,TREPRZM00011
PSDTC,PERGAMON STATUS DIŞ TİCARET A.Ş.,İZMİR,TREPERG00018
PSGYO,PASİFİK GAYRİMENKUL YATIRIM ORTAKLIĞI A.Ş.,ANKARA,TREPSFK00023
QUAGR,QUA GRANITE HAYAL YAPI VE ÜRÜNLERİ SANAYİ TİCARET A.Ş.,AYDIN,TREQAGR00022
RAYSG,RAY SİGORTA A.Ş.,İSTANBUL,TRARAYSG91O8
REEDR,REEDER TEKNOLOJİ SANAYİ VE TİCARET A.Ş.,SAMSUN,TREREED00035
RGYAS,RÖNESANS GAYRİMENKUL YATIRIM A.Ş.,ANKARA,TRERSGY00036
RNPOL,RAİNBOW POLİKARBONAT SANAYİ TİCARET A.Ş.,KAYSERİ,TRERNPL00027
RODRG,RODRİGO TEKSTİL SANAYİ VE TİCARET A.Ş.,İSTANBUL,TRERDRT00019
RTALB,RTA LABORATUVARLARI BİYOLOJİK ÜRÜNLER İLAÇ VE MAKİNE SANAYİ TİCARET A.Ş.,KOCAELİ,TRERTAL00018
RUBNS,RUBENİS TEKSTİL SANAYİ TİCARET A.Ş.,İSTANBUL,TRERBNS00014
RUZYE,RUZY MADENCİLİK VE ENERJİ YATIRIMLARI SANAYİ VE TİCARET A.Ş.,İZMİR,TRAALYAG91A8
RYGYO,REYSAŞ GAYRİMENKUL YATIRIM ORTAKLIĞI A.Ş.,İSTANBUL,TRERGYO00019
RYSAS,REYSAŞ TAŞIMACILIK VE LOJİSTİK TİCARET A.Ş.,İSTANBUL,TREREYS00015
SAFKR,SAFKAR EGE SOĞUTMACILIK KLİMA SOĞUK HAVA TESİSLERİ İHRACAT İTHALAT SANAYİ VE TİCARET A.Ş.,İZMİR,TRESFEK00027
SAHOL,HACI ÖMER SABANCI HOLDİNG A.Ş.,İSTANBUL,TRASAHOL91Q5
SAMAT,SARAY MATBAACILIK KAĞITÇILIK KIRTASİYECİLİK TİCARET VE SANAYİ A.Ş.,ANKARA,TRESRAY00013
SANEL,SAN-EL MÜHENDİSLİK ELEKTRİK TAAHHÜT SANAYİ VE TİCARET A.Ş.,İSTANBUL,TRESNEL00011
SANFM,SANİFOAM ENDÜSTRİ VE TÜKETİM ÜRÜNLERİ SANAYİ TİCARET A.Ş.,TEKİRDAĞ,TRESNFM00016
SANKO,SANKO PAZARLAMA İTHALAT İHRACAT A.Ş.,GAZİANTEP,TRASANKO91I2
SARKY,SARKUYSAN ELEKTROLİTİK BAKIR SANAYİ VE TİCARET A.Ş.,KOCAELİ,TRASARKY91G6
SASA,SASA POLYESTER SANAYİ A.Ş.,ADANA,TRASASAW91E4
SAYAS,SAY YENİLENEBİLİR ENERJİ EKİPMANLARI SANAYİ VE TİCARET A.Ş.,İZMİR,TRESAYR00013
SDTTR,SDT UZAY VE SAVUNMA TEKNOLOJİLERİ A.Ş.,ANKARA,TRESDTT00013
SEGMN,SEĞMEN KARDEŞLER GIDA ÜRETİM VE AMBALAJ SANAYİ A.Ş.,ANKARA,TRESGMN00022
SEGYO,ŞEKER GAYRİMENKUL YATIRIM ORTAKLIĞI A.Ş.,İSTANBUL,TRESKGY00015
SEKFK,ŞEKER FİNANSAL KİRALAMA A.Ş.,İSTANBUL,TRESKFK00016
SEKUR,SEKURO PLASTİK AMBALAJ SANAYİ A.Ş.,İSTANBUL,TRESKPA00016
SELEC,SELÇUK ECZA DEPOSU TİCARET VE SANAYİ A.Ş.,İSTANBUL,TRESLEC00014
SELVA,SELVA GIDA SANAYİ A.Ş.,KONYA,TRESLVA00020
SERNT,SERANİT GRANİT SERAMİK SANAYİ VE TİCARET A.Ş.,İSTANBUL,TRESRNT00016
SEYKM,SEYİTLER KİMYA SANAYİ A.Ş.,MANİSA,TRESEYT00011
SILVR,SİLVERLİNE ENDÜSTRİ VE TİCARET A.Ş.,AMASYA,TRESLVR00016
SISE,TÜRKİYE ŞİŞE VE CAM FABRİKALARI A.Ş.,İSTANBUL,TRASISEW91Q3
SKBNK,ŞEKERBANK T.A.Ş.,,TRASKBNK91N8
SKTAS,SÖKTAŞ TEKSTİL SANAYİ VE TİCARET A.Ş.,AYDIN,TRASKTAS91B5
SKYLP,SKYALP FİNANSAL TEKNOLOJİLER VE DANIŞMANLIK A.Ş.,İSTANBUL,TREMCTD00012
SKYMD,ŞEKER YATIRIM MENKUL DEĞERLER A.Ş.,İSTANBUL,TRESKMD00017
SMART,SMARTİKS YAZILIM A.Ş.,İSTANBUL,TRESMRT00018
SMRTG,SMART GÜNEŞ ENERJİSİ TEKNOLOJİLERİ ARAŞTIRMA GELİŞTİRME ÜRETİM SANAYİ VE TİCARET A.Ş.,İSTANBUL,TRESMAR00026
SMRVA,SÜMER VARLIK YÖNETİM A.Ş.,İSTANBUL,TRESUVY00013
SNGYO,SİNPAŞ GAYRİMENKUL YATIRIM ORTAKLIĞI A.Ş.,İSTANBUL,TRESNGY00019
SNICA,SANİCA ISI SANAYİ A.Ş.,İSTANBUL,TRESANK00011
SNPAM,SÖNMEZ PAMUKLU SANAYİİ A.Ş.,BURSA,TRASNPAM91B0
SODSN,SODAŞ SODYUM SANAYİİ A.Ş.,İZMİR,TRESODS00016
SOHOE,SOHO GİYİM VE ENERJİ A.Ş.,İSTANBUL,TRESOHO00016
SOKE,SÖKE DEĞİRMENCİLİK SANAYİ VE TİCARET A.Ş.,AYDIN,TRESOKE00029
SOKM,ŞOK MARKETLER TİCARET A.Ş.,İSTANBUL,TRESOKM00022
SONME,SÖNMEZ FİLAMENT SENTETİK İPLİK VE ELYAF SANAYİ A.Ş.,BURSA,TRASONME91B5
SRVGY,SERVET GAYRİMENKUL YATIRIM ORTAKLIĞI A.Ş.,İSTANBUL,TRESRGY00010
SUMAS,SUMAŞ SUNİ TAHTA VE MOBİLYA SANAYİİ A.Ş.,BALIKESİR,TRESMAS00016
SUNTK,SUN TEKSTİL SANAYİ VE TİCARET A.Ş.,İZMİR,TRESUNT00010
SURGY,SUR TATİL EVLERİ GAYRİMENKUL YATIRIM ORTAKLIĞI A.Ş.,İSTANBUL,TRESRTE00023
SUWEN,SUWEN TEKSTİL SANAYİ PAZARLAMA A.Ş.,İSTANBUL,TRESUWN00022
SVGYO,SAVUR GAYRİMENKUL YATIRIM ORTAKLIĞI A.Ş.,İSTANBUL,TRESVRG00024
TABGD,TAB GIDA SANAYİ VE TİCARET A.Ş.,İSTANBUL,TRETABG00020
TARKM,TARKİM BİTKİ KORUMA SANAYİ VE TİCARET A.Ş.,MANİSA,TRETRKM00015
TATEN,TATLIPINAR ENERJİ ÜRETİM A.Ş.,İSTANBUL,TRETATL00022
TATGD,TAT GIDA SANAYİ A.Ş.,İSTANBUL,TRATATKS91A5
TAVHL,TAV HAVALİMANLARI HOLDİNG A.Ş.,İSTANBUL,TRETAVH00018
TBORG,TÜRK TUBORG BİRA VE MALT SANAYİİ A.Ş.,İZMİR,TRATBORG91A4
TCELL,TURKCELL İLETİŞİM HİZMETLERİ A.Ş.,İSTANBUL,TRATCELL91M1
TCKRC,KIRAÇ GALVANİZ TELEKOMİNİKASYON METAL MAKİNE İNŞAAT ELEKTRİK SANAYİ VE TİCARET A.Ş.,BURSA,TREKIRC00019
TDGYO,TREND GAYRİMENKUL YATIRIM ORTAKLIĞI A.Ş.,İSTANBUL,TRETGYO00023
TEHOL,TERA YATIRIM TEKNOLOJİ HOLDİNG A.Ş.,İSTANBUL,TRAGLOBL91Q0
TEKTU,TEK-ART İNŞAAT TİCARET TURİZM SANAYİ VE YATIRIMLAR A.Ş.,İSTANBUL,TRATEKTU91K2
TERA,TERA YATIRIM MENKUL DEĞERLER A.Ş.,İSTANBUL,TRETERA00013
TEZOL,EUROPAP TEZOL KAĞIT SANAYİ VE TİCARET A.Ş.,İZMİR,TRETEZL00021
TGSAS,TGS DIŞ TİCARET A.Ş.,İSTANBUL,TRETGSD00010
THYAO,TÜRK HAVA YOLLARI A.O.,İSTANBUL,TRATHYAO91M5
TKFEN,TEKFEN HOLDİNG A.Ş.,İSTANBUL,TRETKHO00012
TKNSA,TEKNOSA İÇ VE DIŞ TİCARET A.Ş.,İSTANBUL,TRETKNO00010
TLMAN,TRABZON LİMAN İŞLETMECİLİĞİ A.Ş.,TRABZON,TRETLMN00020
TMPOL,TEMAPOL POLİMER PLASTİK VE İNŞAAT SANAYİ TİCARET A.Ş.,KAYSERİ,TRETMPL00017
TMSN,TÜMOSAN MOTOR VE TRAKTÖR SANAYİ A.Ş.,İSTANBUL,TRETUMO00011
TNZTP,TAPDİ OKSİJEN ÖZEL SAĞLIK VE EĞİTİM HİZMETLERİ SANAYİ TİCARET A.Ş.,İZMİR,TRETAPD00019
TOASO,TOFAŞ TÜRK OTOMOBİL FABRİKASI A.Ş.,İSTANBUL,TRATOASO91H3
TRALT,TÜRK ALTIN İŞLETMELERİ A.Ş.,ANKARA,TREKOAL00014
TRCAS,TURCAS HOLDİNG A.Ş.,İSTANBUL,TRATRCAS92E6
TRENJ,TR DOĞAL ENERJİ KAYNAKLARI ARAŞTIRMA VE ÜRETİM A.Ş.,ANKARA,TRAIPMAT92D2
TRGYO,TORUNLAR GAYRİMENKUL YATIRIM ORTAKLIĞI A.Ş.,İSTANBUL,TRETRGY00018
TRILC,TURK İLAÇ VE SERUM SANAYİ A.Ş.,ANKARA,TRETRLC00022
TRMET,TR ANADOLU METAL MADENCİLİK İŞLETMELERİ A.Ş.,ANKARA,TREKOZA00014
TSGYO,TSKB GAYRİMENKUL YATIRIM ORTAKLIĞI A.Ş.,İSTANBUL,TRETSGY00016
TSKB,TÜRKİYE SINAİ KALKINMA BANKASI A.Ş.,İSTANBUL,TRATSKBW91N0
TSPOR,TRABZONSPOR SPORTİF YATIRIM VE FUTBOL İŞLETMECİLİĞİ TİCARET A.Ş.,TRABZON,TRETRBZ00016
TTKOM,TÜRK TELEKOMÜNİKASYON A.Ş.,ANKARA,TRETTLK00013
TTRAK,TÜRK TRAKTÖR VE ZİRAAT MAKİNELERİ A.Ş.,ANKARA,TRETTRK00010
TUCLK,TUĞÇELİK ALÜMİNYUM VE METAL MAMÜLLERİ SANAYİ VE TİCARET A.Ş.,İSTANBUL,TRETUGC00018
TUKAS,TUKAŞ GIDA SANAYİ VE TİCARET A.Ş.,İZMİR,TRATUKAS91A3
TUPRS,TÜPRAŞ-TÜRKİYE PETROL RAFİNERİLERİ A.Ş.,İSTANBUL,TRATUPRS91E8
TUREX,TUREKS TURİZM TAŞIMACILIK A.Ş.,İSTANBUL,TRETURX00045
TURGG,TÜRKER PROJE GAYRİMENKUL VE YATIRIM GELİŞTİRME A.Ş.,İSTANBUL,TREMYPG00017
TURSG,TÜRKİYE SİGORTA A.Ş.,İSTANBUL,TRAGUSGR91O3
UCAYM,ÜÇAY MÜHENDİSLİK ENERJİ VE İKLİMLENDİRME TEKNOLOJİLERİ A.Ş.,İSTANBUL,TREUCYM00024
UFUK,UFUK YATIRIM YÖNETİM VE GAYRİMENKUL A.Ş.,İSTANBUL,TREFNFK00017
ULAS,ULAŞLAR TURİZM ENERJİ TARIM GIDA VE İNŞAAT YATIRIMLARI A.Ş.,ANKARA,TREULAS00014
ULKER,ÜLKER BİSKÜVİ SANAYİ A.Ş.,İSTANBUL,TREULKR00015
ULUFA,ULUSAL FAKTORİNG A.Ş.,İSTANBUL,TREULFK00036
ULUSE,ULUSOY ELEKTRİK İMALAT TAAHHÜT VE TİCARET A.Ş.,ANKARA,TREULET00014
ULUUN,ULUSOY UN SANAYİ VE TİCARET A.Ş.,SAMSUN,TREULSY00014
UMPAS,UMPAŞ HOLDİNG A.Ş.,UŞAK,TREUMPA00018
UNLU,ÜNLÜ YATIRIM HOLDİNG A.Ş.,İSTANBUL,TREUNCO00023
USAK,UŞAK SERAMİK SANAYİ A.Ş.,UŞAK,TRAUSAKW91F6
VAKBN,TÜRKİYE VAKIFLAR BANKASI T.A.O.,İSTANBUL,TREVKFB00019
VAKFA,VAKIF FAKTORİNG A.Ş.,İSTANBUL,TREVFAS00022
VAKFN,VAKIF FİNANSAL KİRALAMA A.Ş.,İSTANBUL,TRAVAKFN91P9
VAKKO,VAKKO TEKSTİL VE HAZIR GİYİM SANAYİ İŞLETMELERİ A.Ş.,İSTANBUL,TRAVAKKO91B7
VANGD,VANET GIDA SANAYİ İÇ VE DIŞ TİCARET A.Ş.,İSTANBUL,TREVNGS00015
VBTYZ,VBT YAZILIM A.Ş.,İSTANBUL,TREVBTY00029
VERTU,VERUSATURK GİRİŞİM SERMAYESİ YATIRIM ORTAKLIĞI A.Ş.,İSTANBUL,TREVRSA00019
VERUS,VERUSA HOLDİNG A.Ş.,İSTANBUL,TREVERS00011
VESBE,VESTEL BEYAZ EŞYA SANAYİ VE TİCARET A.Ş.,İSTANBUL,TREVEST00017
VESTL,VESTEL ELEKTRONİK SANAYİ VE TİCARET A.Ş.,İSTANBUL,TRAVESTL91H6
VKFYO,VAKIF MENKUL KIYMET YATIRIM ORTAKLIĞI A.Ş.,İSTANBUL,TRAVKFYT91Q4
VKGYO,VAKIF GAYRİMENKUL YATIRIM ORTAKLIĞI A.Ş.,İSTANBUL,TRAVKGYO91Q3
VKING,VİKİNG KAĞIT VE SELÜLOZ A.Ş.,İZMİR,TRAVKING91D6
VRGYO,VERA KONSEPT GAYRİMENKUL YATIRIM ORTAKLIĞI A.Ş.,ANKARA,TREVRKP00022
VSNMD,VİŞNE MADENCİLİK ÜRETİM SANAYİ VE TİCARET A.Ş.,İZMİR,TREVISN00029
YAPRK,YAPRAK SÜT VE BESİ ÇİFTLİKLERİ SANAYİ VE TİCARET A.Ş.,İSTANBUL,TREYSBS00019
YATAS,YATAŞ YATAK VE YORGAN SANAYİ TİCARET A.Ş.,KAYSERİ,TRAYATAS91B4
YAYLA,YAYLA ENERJİ ÜRETİM TURİZM VE İNŞAAT TİCARET A.Ş.,ANKARA,TREYAYL00014
YBTAS,YİBİTAŞ YOZGAT İŞÇİ BİRLİĞİ İNŞAAT MALZEMELERİ TİCARET VE SANAYİ A.Ş.,YOZGAT,TREYBTS00017
YEOTK,YEO TEKNOLOJİ ENERJİ VE ENDÜSTRİ A.Ş.,İSTANBUL,TREYEOT00010
YESIL,YEŞİL YATIRIM HOLDİNG A.Ş.,İSTANBUL,TREINFO00013
YGGYO,YENİ GİMAT GAYRİMENKUL YATIRIM ORTAKLIĞI A.Ş.,ANKARA,TREYGMI00012
YIGIT,YİĞİT AKÜ MALZEMELERİ NAKLİYAT TURİZM İNŞAAT SANAYİ VE TİCARET A.Ş.,ANKARA,TREYIGT00025
YKBNK,YAPI VE KREDİ BANKASI A.Ş.,İSTANBUL,TRAYKBNK91N6
YKFIN,YAPI KREDİ FİNANSAL KİRALAMA A.O.,İSTANBUL,TRAYKFIN92P4
YKSLN,YÜKSELEN ÇELİK A.Ş.,İSTANBUL,TREYUKC00028
YONGA,YONGA MOBİLYA SANAYİ VE TİCARET A.Ş.,DENİZLİ,TREYONG00018
YUNSA,YÜNSA YÜNLÜ SANAYİ VE TİCARET A.Ş.,İSTANBUL,TRAYUNSA91B5
YYAPI,YEŞİL YAPI ENDÜSTRİSİ A.Ş.,İSTANBUL,TRABROVA91S5
YYLGD,YAYLA AGRO GIDA SANAYİ VE TİCARET A.Ş.,ANKARA,TREYYLA00014
ZEDUR,ZEDUR ENERJİ ELEKTRİK ÜRETİM A.Ş.,ANKARA,TREUTOP00014
ZERGY,ZERAY GAYRİMENKUL YATIRIM ORTAKLIĞI A.Ş.,KOCAELİ,TREZERY00028
ZGYO,Z GAYRİMENKUL YATIRIM ORTAKLIĞI A.Ş.,ANKARA,TREZGYO00020
ZOREN,ZORLU ENERJİ ELEKTRİK ÜRETİM A.Ş.,BURSA,TRAZOREN91L8
ZRGYO,ZİRAAT GAYRİMENKUL YATIRIM ORTAKLIĞI A.Ş.,İSTANBUL,TREZRGY00023
